,Ranking,Brand,Product,Price
0,1,STAND OIL,Chubby Bag Combi · Chubby Bag Combi,$128
1,2,AGAINST ALL ODDS,Wide Denim Pants [Medium Blue],$30
2,3,AGAINST ALL ODDS,Wide Denim Pants [Gray],$30
3,4,LAFUDGESTORE,Windcell puff padded jacket _Black,$48
4,5,TTMAB,Bow Small Baguette Bag - Fishnet Stockings Red,$100
5,6,GAKKAI UNIONS,SINGLE PLEATED WIDE SWEATPANTS GRAY,$29
6,7,LAFUDGESTORE,Windcell puff padding jacket _Beige,$48
7,8,GRAVER,[UNISEX] SMALL DRAWING SMILE WHITE CLIP HOODIE CREAM.,$27
8,9,ANOTHER OFFICE,23AW Women 3RD Hoody Down Parka (Carbon),$362
9,10,IUGAMAKARAS,H-Buckle Holster Bag,$155
10,11,GLOWNY,G CLASSIC WASHED CROP ZIP UP (GRAY),$115
11,12,1993STUDIO,Vintage Half Zip_Dark Green,$33
12,13,1989STANDARD,1989 Embroidered Hoodie (STHSTD-0025),$36
13,14,MARGESHERWOOD,OUTPOCKET HOBO_black glossy plain,$277
14,15,LOOKAST,Mary half wool coat / MARY HALF WOOL COAT_5colors,$268
15,16,TTMAB,Bow Small Baguette Bag - Black Distressed,$100
16,17,GAKKAI UNIONS,SINGLE PLEATED WIDE SWEATPANTS BLACK,$29
17,18,ARCHIVE BOLD,DRAGON DENIM PANTS (BLUE),$50
18,19,MARGESHERWOOD,SOFT TOTE_washed brown pull-up,$275
19,20,GLOWNY,ISA ASYMMETRICAL KNIT TOP (OATMEAL),$120
20,21,1993STUDIO,Vintage Half Zip Up_Navy,$33
21,22,SINOON,RIBBON DETAIL PUFFER JACKET (BLACK),$262
22,23,LAFUDGESTORE,Washed Denim Sweat Hood Zip-Up_Washed Black,$56
23,24,MARGESHERWOOD,OUTPOCKET HOBO MINI_black glossy plain,$228
24,25,LADY VOLUME,465-1 VEGAN LEATHER OVERSIZED JACKET,$58
25,26,THE IDENTITY PROJECT,Flower appliqué overfit hoody sweat [melange],$38
26,27,YALE,(24SS) [ONEMILE WEAR] SMALL ARCH LOGO HOODIE ZIP UP PG CHARCOAL,$48
27,28,STAND OIL,Post bag,$98
28,29,SALT AND CHOCOLATE,Round Toe Basic Flat Long Boots 412148001 (3.5cm/3color),$65
29,30,LAFUDGESTORE,Woolrich Sutien Collar Overcoat_Black,$103
30,31,EPT,SANTOS (BEIGE/WHITE),$127
31,32,acmé de la vie,NEW SYMBOL LOGO SPRAY WASHING HOODIE NAVY,$108
32,33,SILN,Sailor collar tweed outer shirts (INDI PINK),$35
33,34,1993STUDIO,Vintage Varsity Jacket_Navy,$73
34,35,MARGESHERWOOD,HOBO SHOULDER_cream beige crinkle,$178
35,36,MARGESHERWOOD,OUTPOCKET HOBO MINI_denim,$174
36,37,SAINTPAIN,SP NYLON VARSITY JACKET - BLACK,$64
37,38,1993STUDIO,Vintage Half Zip_Oat Beige,$33
38,39,TRILLION,Washable Aran cable hood zip-up knit (IVORY),$50
39,40,VALENTINO RUDY,VR3502B-BKWT MESH Womens Watch Mesh Watch,$37
40,41,LETQ STUDIO,"Buckle strap dress, black",$207
41,42,AFRESH,Union fleece cropped jacket_Ivory,$19
42,43,RAAM,RC002 Side Line Modified Bootcut Pants (Blue/Black),$36
43,44,GLOWNY,G CLASSIC WASHED BOXY ZIP UP (CHARCOAL),$141
44,45,MUR,Shell Bag (4color),$56
45,46,ACOVER,Black Butterfly Pigment Hoodie Charcoal,$48
46,47,AGAINST ALL ODDS,Wide Denim Pants [Black],$30
47,48,GLOWNY,BONES DENIM PANTS (KHAKI BROWN),$158
48,49,GRAVER,[UNISEX] SMALL DRAWING SMILE WHITE CLIP HOODIE_BLACK,$27
49,50,GAKKAI UNIONS,One-Tuck Wide Sweat Cargo Pants Black,$32
50,51,MMIC,packet hood zip-up charcoal,$180
51,52,MATIN KIM,HIGH NECK SLEEVE LOGO KNIT CARDIGAN IN IVORY,$199
52,53,NOHANT,LONELY/LOVELY FLEECE HOODIE ZIP-UP GRAY,$94
53,54,LAFUDGESTORE,Duck down glossy puffer short padding_Glossy Black,$56
54,55,LAFUDGESTORE,Duckdown minimal puffer short padding_Soft Gray,$56
55,56,MUR,Poi Bag (6color),$76
56,57,ZERO STREET,Two-way duck down long padding / black,$154
57,58,THE PENNY,HALF TRENCH COAT,$126
58,59,LMOOD,wavy varsity jacket navy,$87
59,60,LIKE THE MOST,Studio Heart Half Zip Up Brushed Over Sweatshirt 4colors,$31
60,61,LIKE THE MOST,Likemost Ring Star Overfit Sweatshirt Black,$28
61,62,LIKE THE MOST,Two-way zip-up plain brushed overhoodie 2 colors,$36
62,63,GLOWNY,G CLASSIC WASHED CROP ZIP UP (CHARCOAL),$115
63,64,MATIN KIM,SPELL POINT KNIT ZIP UP IN BLACK,$189
64,65,NASTY FANCY CLUB,[NF] Glossy stitch jacket (LEATHER)_F23ZA943,$70
65,66,23.65,V2 MULTI,$69
66,67,NOHANT,LOVE CITY FLUFF HOODIE ZIP-UP AURORA PINK,$98
67,68,ARCHIVE BOLD,939 TYPE J SWEAT PANTS (BLACK),$51
68,69,MATIN KIM,MATIN KIM LOGO COATING JUMPER IN BLACK,$172
69,70,SIO,Low Rise Wrap Pants [Dark Green],$147
70,71,GLOWNY,ISA ASYMMETRICAL KNIT TOP (GRAY),$120
71,72,GLOWNY,G CLASSIC WASHED SWEATPANTS (GRAY),$102
72,73,GLOWNY,AMBER BUTTON CARDIGAN (BROWN),$120
73,74,TOFFEE,2WAY SWEAT ZIP-UP HOODIE (MELANGE GRAY),$39
74,75,NASTY FANCY CLUB,[PPG X FANCY] LEATHER POINT VARSITY JACKET (BLACK)_F23PG1038,$140
75,76,NACHE,FAINT SPRAY RIBBED KNIT (UNISEX) BLACK,$113
76,77,SUPERSUB,Club Replica Sweatshirt [Black],$38
77,78,LIKE THE MOST,Signature Most Hoodie Oatmeal,$33
78,79,LMC,LMC ECO JQD PATTERN FLEECE JACKET off white,$68
79,80,LIKE THE MOST,Studio Heart brushed straight pants 4 colors,$27
80,81,AFRESH,Union fleece cropped jacket_black,$19
81,82,FILLUMINATE,Taslan Windtaker Jacket - Light Gray,$66
82,83,NICK&NICOLE,HIGH NECK DUCK DOWN OVER PADDING_CREAM,$127
83,84,LIKE THE MOST,Soft overfit hoodie (deep blue) H00022,$32
84,85,URAGO,Pauline shirt long dress,$141
85,86,LADY VOLUME,549 VEGAN LEATHER MINIMAL JACKET_BLACK,$58
86,87,LEATHERY,Inside the Closet Hooded Knit Zip-up [BLACK],$70
87,88,RIETI,VIVI RT3035 3 Colors,$20
88,89,KATER,Broken Heart Fluffy Hooded Jacket - WHITE,$123
89,90,SATUR,Theo Cotton All Day Hooded Zip-up Melange Gray,$115
90,91,thisisneverthat®,T-Logo Hoodie Heather Gray,$81
91,92,WKNDRS,DWARF COWICHAN CARDIGAN (BLACK),$103
92,93,ROLAROLA,COLLAR BUTTON SWIMSUIT BLACK,$114
93,94,AGAINST ALL ODDS,Crew Neck Rib Overfit Hachi Knit - Beige,$25
94,95,EPT,SANTOS (BLACK/WHITE),$127
95,96,EPT,SANTOS (OFF WHITE/GREY),$127
96,97,SMASHOES,monica sneakers lydia,$106
97,98,acmé de la vie,STRIPE FRONT ZIP UP KNIT BLACK,$108
98,99,MATIN KIM,GLOSSY COMPACT WALLET IN SILVER,$136
99,100,RETRIEVER CLUB,HOWLING SOCCER CREWNECK [BLACK],$54
100,101,1993STUDIO,Vintage Varsity Jacket_Sky Blue,$73
101,102,MAHAGRID,WASHED WORK JACKET CHARCOAL(MG2DFMJ244A),$114
102,103,SIO,Cut-out sleeveless zip-up [Black],$113
103,104,LAFUDGE FOR WOMAN,[Woman]Funnel neck quilted padded jacket_Ivory,$80
104,105,LAFUDGESTORE,Tail Open Collar Short Sleeve Knit_Sand Beige,$19
105,106,CARLYN,Mini Twi - Denim,$127
106,107,CARLYN,Mini Twee - Space Black,$127
107,108,TRILLION,Color Scheme 1992 Graphic Hoodie_NAVY,$37
108,109,STAND OIL,Oblong bag,$128
109,110,acmé de la vie,FUZZY BEAR HOODIE BLACK,$99
110,111,SECONDMONO,Heavyweight keyhole cable collar cardigan navy_COOSCD018NAVY,$78
111,112,LAFUDGESTORE,[3M Thinsulate] Original M-1965 Fishtail Parka_Vintage Black,$94
112,113,NACHE,BARE SWEAT SHIRT OATMEAL,$88
113,114,MATIN KIM,BIG BUCKLE BAG_BLACK,$125
114,115,NACHE,BACK SLIT LONG SLEEVE WHITE,$88
115,116,ARCHIVE BOLD,AB LONG DUFFLE COAT (BEIGE),$71
116,117,PHYPS,PHYPS® BIG BUCKLE BACKPACK CANVAS,$106
117,118,1993STUDIO,Vintage Half Zip_Black,$33
118,119,ETRE AU SOMMET,Rabbit Cat Face Half Tee (Black),$21
119,120,NACHE,SLIT LAYERED SWEAT SHIRT BLACK,$83
120,121,RAAM,RC001 V Pocket Bootcut Denim Pants (Blue/Ice),$36
121,122,KATER,Broken Heart Knit - GREEN,$102
122,123,MAISON MINED,PINCH WASHED HOOD ZIP-UP BLACK,$102
123,124,GAKKAI UNIONS,WIDE SWEATPANTS IVORY,$29
124,125,XTONZ,XJ106 Quinton Pleated Shirring MA-1 Jacket (BLACK),$89
125,126,SATUR,Ibiza Coast Citron Retro Natural Mesh Knit Natural Green,$101
126,127,MAHAGRID,MUSHROOM BOY HOODIE CREAM(MG2DFMM417A),$42
127,128,MUSINSA STANDARD,Round Derby Shoes_Black,$100
128,129,GAKKAI UNIONS,One tuck wide sweatpants navy,$29
129,130,GAKKAI UNIONS,One tuck wide sweatpants beige,$29
130,131,AEAE,Flashed Cats Angora Knit -[WHITE],$99
131,132,GENERAL IDEA,Corduroy duck down short puffer [PINK] / SBC4U07006,$99
132,133,TIMCOMIX,UFO DOODLE VARSITY JACKET BLACK,$90
133,134,VEY,Leather Room shoulder (W/Brown),$84
134,135,LIKE THE MOST,Soft LTMT heavy brushed hoodie (blue),$33
135,136,CURETTY,C 90S PLEATS DRESS_BLACK,$87
136,137,GLW,easy wide denim pants black,$33
137,138,UGLYSHADOW,BEAD KNIT OFF-SHOULDER(BLACK),$48
138,139,BITTERCELLS,Eco Leather Racing Jacket - Black,$80
139,140,VISION STREETWEAR,VSW Football Crewneck Navy,$50
140,141,1993STUDIO,2WAY Double Stitch Windbreaker_Black,$71
141,142,CARLYN,Cozy L,$106
142,143,1989STANDARD,MAIN LOGO Hood (STHSTD-0017),$38
143,144,DUCKDIVE,off road wide pants black,$90
144,145,ATT,Line Span Heel Boots,$69
145,146,AGAINST ALL ODDS,One-Tuck Cargo String Sweat Pants [Black],$34
146,147,LANG5,[ANN] RACCOON TURTLENECK VEST [ANN] Raccoon turtleneck vest,$112
147,148,ADDOFF,DUPLICITY WASHED BAGGY DENIM PANTS BLACK,$75
148,149,FALLETT,Cracked Leather Moonbag Black,$89
149,150,SQUARELINE,Mario Mario - 4color,$81
150,151,AFRESH,Winsome nylon jogger pants_olive khaki,$19
151,152,STAND OIL,Oblong bag Mini,$103
152,153,AVANDRESS,V-neck Overfit Knit - 6 COL,$22
153,154,CUSTOMADE,4cm suede Chelsea boots Felix (CR0077SBR),$87
154,155,MONGDOL,[4color] Square Neck Corrugated Knit MDKT063,$24
155,156,MUSINSA STANDARD,Minimal U-Tip Derby Shoes_Black,$100
156,157,WE THE ROAD,WTRD5205 Jerome Square Toe Chelsea Boots Black [250~290MM],$54
157,158,DONKIE,weave - 6color,$54
158,159,GLOWNY,G CLASSIC WASHED BALL CAP (GRAY),$70
159,160,CARLYN,Poing Glow – Ivory,$96
160,161,COLOCYNTH,Dots Wallet Cadet Blue,$82
161,162,CARLYN,Cozy - Pastel Lilac,$96
162,163,LAFUDGESTORE,Buffing leather overfit blouson_Suede Black,$72
163,164,NICK&NICOLE,HIGHNECK SHORT Puffer Jacket_BLACK,$82
164,165,WE THE ROAD,WTRD3104 Simon Origin German Army Sneakers Gray [230~290MM],$54
165,166,BROWNBREATH,W CHROME TAG CROP HOODIE - RED ORANGE,$81
166,167,ALICEMARTHA,Erin Woven Fabric 3Colors Shirring Bag,$81
167,168,PUNCH DRUNK PARTIES,MW Garment Dyed Sweatsuit (CHARCOAL),$81
168,169,FLORIDA STUDIO,FL4212 ANGELICA 5CM LONG BOOTS MIDNIGHT BLACK,$107
169,170,LEATHERY,Arthur Classic Chain Backpack [BLACK],$80
170,171,RUNNING HIGH,Two Tone Cargo Pants [Denim Blue],$84
171,172,ELLIOTI,Leather Trench Coat_Black,$154
172,173,PARTIMENTO WOMEN,Open Back Ribbon Puff Blouse_Black,$43
173,174,BLACK MOMENT,Cotton overfit color combination blouson varsity jumper jacket_3COLOR,$33
174,175,GROVE,GRVR SPORTS_LACE COLLAR SWEAT SHIRTS (GRVR SPORTS_Lace Collar Sweatshirt)_BLACK,$79
175,176,JO'S LOUNGE,[Modal] (w) Earl Gray Lounge One-piece,$63
176,177,thisisneverthat®,RS-Logo Crewneck Black,$56
177,178,SALT AND CHOCOLATE,Lace-up chunky sole knit sock boots 412346016 (4cm/2colors),$76
178,179,PARTIMENTO WOMEN,Tied Up Strapless Dress_White,$92
179,180,URBANAGE,Unlimited over hood melan gray,$28
180,181,BADBLOOD,Sports Club Jersey Long Sleeve - Black,$81
181,182,MACMOC,Celeb 6Color Luxury Tweed Sandal 5cm,$100
182,183,DE MARC,Color-matched side one-tuck wide string pants white dye & navy,$64
183,184,WE THE ROAD,WTRD1203 Cliff Square Toe 4 Hole Derby Shoes Black [250~290MM],$49
184,185,CARLYN,M New Soft - Steel,$85
185,186,GAKKAI UNIONS,One tuck wide sweat cargo pants khaki,$32
186,187,TRILLION,Front Washing Wide Denim Pants_NORMAL BLACK,$39
187,188,GLW,Essential Semi-Wide Corduroy Pants Cream,$34
188,189,CUSTOMADE,4cm Unisex Mule Noah (CR0071BK),$72
189,190,YALE,EMBROIDERY UNIVERSITY DAN HOODIE GRAY,$18
190,191,YALE,[ONEMILE WEAR] SMALL ARCH BOA FLEECE JACKET NAVY,$18
191,192,YALE,[ONEMILE WEAR] SMALL ARCH BOA FLEECE JACKET KHAKI,$18
192,193,HAH ARCHIVE,Ark Messenger Bag (Black),$74
193,194,ARCHIVE BOLD,939 LOGO SWEAT PANTS_DEEP GREEN,$72
194,195,O!Oi,BIG ARCH LOGO HOODIE [BLUE],$72
195,196,PANDORAFIT,Natalie Zipper Cardigan,$62
196,197,SALTYFLOWER,Polyp Ribbon Balloon Top White,$72
197,198,MILLO WOMEN,Vintage wide denim pants [black],$66
198,199,BROWNBREATH,CLOUD TAG TEE - BLACK,$45
199,200,YALE,(24SS) [ONEMILE WEAR] 2PACK SMALL ARCH TEE WHITE / BLACK,$29
200,201,KIRSH,Pocket Technical String Backpack [Black],$78
201,202,GLOWNY,G CLASSIC WAFFLE LONG SLEEVE (ASH),$59
202,203,LMC,LMC GOTHIC TEE cream,$22
203,204,TOFFEE,Low Rise Wide Denim Pants (WASHED INDIGO),$30
204,205,AVANDRESS,Beads Wool Loose-fit Knit Sweater - 6col,$24
205,206,ROCCIROCCI,RCC Knit Half Zipup [STRIPE],$99
206,207,SIO,Shoulder String Unbalanced Top [Black],$69
207,208,ACOVER,Spray Cross Painting Training Pants Black,$24
208,209,CRANK,String Wrap Skirt Pants_Khaki,$73
209,210,ROLAROLA,V NECK CABLE CARDIGAN NAVY,$65
210,211,ROLAROLA,COLLAR STRIPE BOARDER KNIT WH+BK,$65
211,212,MARTINCOX,Lilia Shoulder (Lilia shoulder bag) Black,$105
212,213,1993STUDIO,[Covea] Sweat half zip-up_navy,$68
213,214,LIKE THE MOST,Signature Most Hoodie White Melange,$33
214,215,LOOKAST,Barrel Sweatshirt / BETTER SWEATSHIRT_3colors,$48
215,216,AGAINST ALL ODDS,One-tuck wide banding slacks [black],$23
216,217,SIO,Cutout Mini Skort [Black],$67
217,218,GAKKAI UNIONS,One-tuck Wide-fit sweatpants brown,$29
218,219,MMLG,[Mmlg] MMLG SWEAT (ASH GRAY),$46
219,220,ILLIGO,Two Way Bag Charcoal,$57
220,221,CPGN STUDIO,cracking hood windbreaker_gray,$65
221,222,MAHAGRID,APPLIQUE ZIP UP HOODIE BLACK(MG2CFMM428A),$76
222,223,MUSINSA STANDARD,WOMENS OVERSIZED BLAZER_MEDIUM GRAY,$65
223,224,XTONZ,XP172 Big Wide Balloon Denim Pants (BLACK),$57
224,225,1993STUDIO,Double Stitch Wide Pants_Black,$73
225,226,CATCH BALL,Original Plus Sunday _ Navy,$81
226,227,MMLG,[Mmlg] ONLY MG HOOD (AUTHENTIC NAVY),$57
227,228,SALT AND CHOCOLATE,Hayes padded boots 412346004 (3.5cm/3colors),$61
228,229,PRENDA,ROUNDY CROPPED VASITY JACKET BROWN,$47
229,230,LMC,SPRAYED BEAR SWEATSHIRT heather gray,$65
230,231,LARTIGENT,L8 FLOWER HALF KNIT(BLUE),$71
231,232,DIMITRI BLACK,(All Season) 2WAY Authentic Hooded Windbreaker Jacket_Black,$56
232,233,LAFUDGE FOR WOMAN,[Woman] Glossy crop puffer padding_Glossy Pink,$56
233,234,LIKE THE MOST,Soft overfit hoodie (black) H00018,$32
234,235,CUSTOMADE,3cm German Army Sneakers Chase (CR0029),$63
235,236,YALE,EMBROIDERY UNIVERSITY DAN CREWNECK NAVY,$29
236,237,PAINORPLEASURE,ALLEGRO TOP beige,$63
237,238,MOAA,Nylon Ribbon Cargo Pants (BLACK),$63
238,239,BADBLOOD,Charming & Hot Long Sleeve Loose Fit - Black,$63
239,240,GENERAL IDEA,GNRL Basic Vest [WHITE] / WBC1L06506,$30
240,241,Poésie d’âm,[La Valse] Tweed beret_Black check,$44
241,242,YALE,DRAWSTRING BACKPACK GRAY,$63
242,243,FENNEC,CRINKLE TRIANGLE ACCORDION POCKET - BLACK,$54
243,244,LIKE THE MOST,Ringstar overfit brushed hoodie black,$34
244,245,SATUR,Sun Retro Graphic Short Sleeve T-Shirt Ivory,$61
245,246,URBANSTOFF,Distressed Hoodie (Khaki),$72
246,247,MUSINSA STANDARD,WOMENS OVERSIZED BLAZER_BLACK,$54
247,248,thisisneverthat®,T-Logo Hoodie Navy,$81
248,249,thisisneverthat®,T-Logo Hoodie Black,$81
249,250,SAINTPAIN,SP GOTA FUR JACKET - LEOPARD,$64
250,251,AGAINST ALL ODDS,One-Tuck Cargo String Sweat Pants [Gray],$34
251,252,LAFUDGESTORE,Heavy Cotton Wide Parachute Sweatpants_Melange Oatmeal,$24
252,253,1993STUDIO,Speed Racer Reglan Sweatshirt_Black,$38
253,254,MMLG,[Mmlg] 19MG HOOD (PURPLE CLOUD),$52
254,255,DUNST FOR WOMEN,UNISEX CUPID CAMPUS SWEATSHIRT LIGHT MELANGE GREY_UDTS4A102G1,$65
255,256,MAHAGRID,OVERDYED ACID DENIM PANT BROWN(MG2CFMD113A),$81
256,257,MAHAGRID,WEB DENIM PANT CHARCOAL(MG2CFMD111A),$47
257,258,EXPIRED GIRL,Lina shirring top black,$59
258,259,GLOWNY,G CLASSIC RIB SQUARE LONG SLEEVE (WHITE),$50
259,260,ACOVER,Spray cross artwork painting hood zip-up pink,$28
260,261,CUSTOMADE WOMAN,[Fleece lining] 4.5cm lace-up worker boots Ronnie (CW0056FBK),$55
261,262,MAHAGRID,FANTASIA KNIT SWEATER BLACK(MG2DFMK623A),$59
262,263,MAHAGRID,FANTASIA KNIT SWEATER IVORY(MG2DFMK623A),$59
263,264,MAHAGRID,COLLEGE LOGO HOODIE GRAY(MG2ESMM401A),$59
264,265,1993STUDIO,Vintage Piping Pants_Black,$51
265,266,MAHAGRID,BASIC LOGO KNIT SWEATER_IVORY,$67
266,267,NASTY FANCY CLUB,[PPG X FANCY] BASEBALL RAGLAN NYLON WARM UP (PINK)_F23PG1030,$51
267,268,PRENDA,BALLET RIBBON ACID WASH HOODIE STONE GRAY,$42
268,269,RETRIEVER CLUB,RETRIEVER FRIENDS HOODIE [MELANGE GRAY],$58
269,270,NASTY FANCY CLUB,[NF] F4NCY Denim Patch Hood (LIGHT MELANGE)_F23ZB265,$51
270,271,COVERNAT,authentic logo hoodie melange gray,$60
271,272,CAVISH,SELLER LOGO HOODIE LIGHT GRAY(BLUE)(CV2BFUM400A),$77
272,273,URBANSTOFF,Bubble Logo Hoodie (Navy),$68
273,274,ACOVER,Pigment Cargo Wide Hidden Banding Pants Charcoal 10 Count,$55
274,275,NOT4NERD,Satan Logo Raglan Pullover hood-Grey,$65
275,276,ARCHIVE BOLD,[Archive Bold X Stumpynee] DOODLE SWEAT PANTS (BLACK),$81
276,277,thisisneverthat®,TNT League Crewneck Heather Gray,$76
277,278,KINDABABY,romantic shirring sleeveless dress - black,$53
278,279,BADBLOOD,Bad Girls Loose Fit Top - Black,$63
279,280,ILLIGO,Utility Duffel Bag Pink,$48
280,281,WHYNOTUS,square neck long sleeve top - cream,$57
281,282,LAFUDGESTORE,Tail Open Collar Short Sleeve Knit_Black,$24
282,283,LAFUDGESTORE,Tail Open Collar Short Sleeve Knit_Indy Pink,$19
283,284,RSC,DENIM RAW CUTTING KEY CHAIN - DE,$47
284,285,LEIRE,Cheetkey Fleece Cardigan [Black],$37
285,286,COLOCYNTH,Momo Hunting Cap Soft Check Green,$68
286,287,KIIMUIR,Cotton Washable Hachi 2-WAY Zip-up Knit Cardigan_White Melange,$72
287,288,1989STANDARD,SMALL CENTER Hood (STHSTD-0015),$33
288,289,DESIRED,[UNISEX] DESiRED FLEECE ZIP-UP-KFSU4301D0Q,$37
289,290,GLW,collar cable knit zip-up black,$50
290,291,LIKE THE MOST,Soft Overfit Sweatshirt (Black) M00021,$28
291,292,THOMASMORE,TD5-SH07 Paper Shirt - Blue Blue,$50
292,293,LADY VOLUME,9086 VEGAN LEATHER JACKET_GREY,$58
293,294,LADY VOLUME,9086 VEGAN LEATHER JACKET_BLACK,$58
294,295,LADY VOLUME,9104 VEGAN LEATHER CROP JACKET_BURGUNDY,$58
295,296,LADY VOLUME,9069 VEGAN LEATHER SINGLE VEST_BLACK,$58
296,297,RIDIFI,FLARE A LINE ONE PIECE_IVORY,$54
297,298,AVANDRESS,Ribbed wrap Knit IVORY,$18
298,299,SALT AND CHOCOLATE,Penny Platform Chunky Loafers 412219008 (4.5cm/2colors),$54
299,300,MAHAGRID,DONT PANIC PIGMENT SWEATSHIRT PINK(MG2DSMM441A),$55
300,301,1989STANDARD,RV_OUR 1989 HOOD (STHSTD-0004),$32
301,302,GENERAL IDEA,GNRL wool V-neck cable cardigan [BROWN] / WBC4L04526,$39
302,303,YALE,(24SS) 2 TONE ARCH HOODIE BLACK,$36
303,304,COVERNAT,C Logo Sweatshirt Navy,$45
304,305,acmé de la vie,HELLO KITTY 3D ARTWORK SHORT SLEEVE T-SHIRT WHITE,$49
305,306,acmé de la vie,BASIC LOGO EMBLEM WASHING BALL CAP BEIGE,$49
306,307,GENERAL IDEA,GNRL Essential Hood Zip-up [IVORY] / WBD1L04507,$54
307,308,BORN TO WIN,Blur BRNTW Slim Long Sleeve_White,$54
308,309,ACOC,Drawstring Bag_Dusty Blue,$54
309,310,ONA,It Just My Hoodie [Gray],$54
310,311,acmé de la vie,BABY FACE YELLOW BEANIE BOY SHORT SLEEVE T-SHIRT BLACK,$49
311,312,MAHAGRID,RUGBY LS TEE NAVY(MG2BFMT557A),$21
312,313,AFRESH,Authentic Non-Slip Part 9 Leggings_Black,$20
313,314,GLOWNY,G CLASSIC RIB TEE (WHITE),$44
314,315,GLOWNY,G CLASSIC RIB TEE (BLACK),$44
315,316,1993STUDIO,Vintage Half Zip Up_Charcoal,$33
316,313,AFRESH,Authentic Non-Slip Part 9 Leggings_Black,$20
317,314,GLOWNY,G CLASSIC RIB TEE (WHITE),$44
318,315,GLOWNY,G CLASSIC RIB TEE (BLACK),$44
319,316,1993STUDIO,Vintage Half Zip Up_Charcoal,$33
320,313,AFRESH,Authentic Non-Slip Part 9 Leggings_Black,$20
321,314,GLOWNY,G CLASSIC RIB TEE (WHITE),$44
322,315,GLOWNY,G CLASSIC RIB TEE (BLACK),$44
323,316,1993STUDIO,Vintage Half Zip Up_Charcoal,$33
324,313,AFRESH,Authentic Non-Slip Part 9 Leggings_Black,$20
325,314,GLOWNY,G CLASSIC RIB TEE (WHITE),$44
326,315,GLOWNY,G CLASSIC RIB TEE (BLACK),$44
327,316,1993STUDIO,Vintage Half Zip Up_Charcoal,$33
328,313,AFRESH,Authentic Non-Slip Part 9 Leggings_Black,$20
329,314,GLOWNY,G CLASSIC RIB TEE (WHITE),$44
330,315,GLOWNY,G CLASSIC RIB TEE (BLACK),$44
331,316,1993STUDIO,Vintage Half Zip Up_Charcoal,$33
332,313,AFRESH,Authentic Non-Slip Part 9 Leggings_Black,$20
333,314,GLOWNY,G CLASSIC RIB TEE (WHITE),$44
334,315,GLOWNY,G CLASSIC RIB TEE (BLACK),$44
335,316,1993STUDIO,Vintage Half Zip Up_Charcoal,$33
336,313,AFRESH,Authentic Non-Slip Part 9 Leggings_Black,$20
337,314,GLOWNY,G CLASSIC RIB TEE (WHITE),$44
338,315,GLOWNY,G CLASSIC RIB TEE (BLACK),$44
339,316,1993STUDIO,Vintage Half Zip Up_Charcoal,$33
340,313,AFRESH,Authentic Non-Slip Part 9 Leggings_Black,$20
341,314,GLOWNY,G CLASSIC RIB TEE (WHITE),$44
342,315,GLOWNY,G CLASSIC RIB TEE (BLACK),$44
343,316,1993STUDIO,Vintage Half Zip Up_Charcoal,$33
344,313,AFRESH,Authentic Non-Slip Part 9 Leggings_Black,$20
345,314,GLOWNY,G CLASSIC RIB TEE (WHITE),$44
346,315,GLOWNY,G CLASSIC RIB TEE (BLACK),$44
347,316,1993STUDIO,Vintage Half Zip Up_Charcoal,$33
348,313,AFRESH,Authentic Non-Slip Part 9 Leggings_Black,$20
349,314,GLOWNY,G CLASSIC RIB TEE (WHITE),$44
350,315,GLOWNY,G CLASSIC RIB TEE (BLACK),$44
351,316,1993STUDIO,Vintage Half Zip Up_Charcoal,$33
352,313,AFRESH,Authentic Non-Slip Part 9 Leggings_Black,$20
353,314,GLOWNY,G CLASSIC RIB TEE (WHITE),$44
354,315,GLOWNY,G CLASSIC RIB TEE (BLACK),$44
355,316,1993STUDIO,Vintage Half Zip Up_Charcoal,$33
356,313,AFRESH,Authentic Non-Slip Part 9 Leggings_Black,$20
357,314,GLOWNY,G CLASSIC RIB TEE (WHITE),$44
358,315,GLOWNY,G CLASSIC RIB TEE (BLACK),$44
359,316,1993STUDIO,Vintage Half Zip Up_Charcoal,$33
360,313,AFRESH,Authentic Non-Slip Part 9 Leggings_Black,$20
361,314,GLOWNY,G CLASSIC RIB TEE (WHITE),$44
362,315,GLOWNY,G CLASSIC RIB TEE (BLACK),$44
363,316,1993STUDIO,Vintage Half Zip Up_Charcoal,$33
364,313,AFRESH,Authentic Non-Slip Part 9 Leggings_Black,$20
365,314,GLOWNY,G CLASSIC RIB TEE (WHITE),$44
366,315,GLOWNY,G CLASSIC RIB TEE (BLACK),$44
367,316,1993STUDIO,Vintage Half Zip Up_Charcoal,$33
368,313,AFRESH,Authentic Non-Slip Part 9 Leggings_Black,$20
369,314,GLOWNY,G CLASSIC RIB TEE (WHITE),$44
370,315,GLOWNY,G CLASSIC RIB TEE (BLACK),$44
371,316,1993STUDIO,Vintage Half Zip Up_Charcoal,$33
372,313,AFRESH,Authentic Non-Slip Part 9 Leggings_Black,$20
373,314,GLOWNY,G CLASSIC RIB TEE (WHITE),$44
374,315,GLOWNY,G CLASSIC RIB TEE (BLACK),$44
375,316,1993STUDIO,Vintage Half Zip Up_Charcoal,$33
376,313,AFRESH,Authentic Non-Slip Part 9 Leggings_Black,$20
377,314,GLOWNY,G CLASSIC RIB TEE (WHITE),$44
378,315,GLOWNY,G CLASSIC RIB TEE (BLACK),$44
379,316,1993STUDIO,Vintage Half Zip Up_Charcoal,$33
380,313,AFRESH,Authentic Non-Slip Part 9 Leggings_Black,$20
381,314,GLOWNY,G CLASSIC RIB TEE (WHITE),$44
382,315,GLOWNY,G CLASSIC RIB TEE (BLACK),$44
383,316,1993STUDIO,Vintage Half Zip Up_Charcoal,$33
384,385,ARCHIVE BOLD,939 LOGO CROP LONG SLEEVE (BROWN),$45
385,386,TAW&TOE,Flip Flops Zerovity OG Sand Beige,$54
386,387,YALE,(24SS) [ONEMILE WEAR] SMALL ARCH CREWNECK LIGHT GRAY,$45
387,388,SWEETCH,HALF ZIP WALLET 001 M Olive Green,$45
388,389,ALL EYES DOWN,STITCH LOGO CAP(Burgundy),$45
389,390,RUNNING HIGH,RH Logo Slim Zip-up Hoodie [White],$44
390,391,MAHAGRID,SPORTS LOGO FLEECE CREWNECK NAVY(MG2DFMM462A),$30
391,392,NICK&NICOLE,NICOLE RIBBED TWO WAY ZIP UP KNIT_BEIGE,$44
392,393,CPGN STUDIO,[FLEECE LINED] SERENDIPITY EMBROIDERED HOODIE SKY GRAY,$43
393,394,GLOWNY,3/4 BUTTON FLY TEE (BLACK),$37
394,395,ROMANTIC CROWN Outlet,WILD FLOWER WOOL VARSITY JACKET-KHAKI,$18
395,396,VERISH,COOL FIT BRA VOLUME FIT - SKY BLUE,$44
396,397,MUSINSA STANDARD,CORDURA VERTICAL ZIPPER BACKPACK_BLACK,$44
397,398,VERISH,COOL FIT BRA VOLUME FIT - IVORY,$44
398,399,1989STANDARD,SMALL CENTER Man to Man (STMSTD-0015),$25
399,400,ISTKUNST,LOGO & SMILELY HOODIE GRAY (IK2CSMM400A),$51
400,401,YALE,HEAVYWEIGHT MIXED CREWNECK OATMEAL,$65
401,402,AQO STUDIO SPACE,Bear Track Jogger Pants Brown,$22
402,403,MAHAGRID,AUTHENTIC SWEATSHIRT_LIGHT GREY,$42
403,404,MAHAGRID,AUTHENTIC SWEATSHIRT_NAVY,$42
404,405,DRAWFIT,Soft Wool Oversized Fit Knit Vest [BLACK],$43
405,406,MACKY,boucle cap hat black,$54
406,407,TONES,Washed Cargo Half Pants - 5 COLOR,$22
407,408,GRAVER,[UNISEX] ELBOW FLOWER DOT WHITE CLIP SWEATSHIRT_BLACK,$25
408,409,SIYAZU,SITP5130 Ultensel Layered Polarty_Beige,$38
409,410,NONENON,NONE RNG_B,$21
410,411,SAINTPAIN,SP Saint Club Varsity Crew Neck - Ash Melange,$60
411,412,BLACK MOMENT,Vegan leather overfit blouson zip-up jumper jacket_2COLOR,$35
412,409,SIYAZU,SITP5130 Ultensel Layered Polarty_Beige,$38
413,410,NONENON,NONE RNG_B,$21
414,411,SAINTPAIN,SP Saint Club Varsity Crew Neck - Ash Melange,$60
415,412,BLACK MOMENT,Vegan leather overfit blouson zip-up jumper jacket_2COLOR,$35
416,409,SIYAZU,SITP5130 Ultensel Layered Polarty_Beige,$38
417,410,NONENON,NONE RNG_B,$21
418,411,SAINTPAIN,SP Saint Club Varsity Crew Neck - Ash Melange,$60
419,412,BLACK MOMENT,Vegan leather overfit blouson zip-up jumper jacket_2COLOR,$35
420,409,SIYAZU,SITP5130 Ultensel Layered Polarty_Beige,$38
421,410,NONENON,NONE RNG_B,$21
422,411,SAINTPAIN,SP Saint Club Varsity Crew Neck - Ash Melange,$60
423,412,BLACK MOMENT,Vegan leather overfit blouson zip-up jumper jacket_2COLOR,$35
424,409,SIYAZU,SITP5130 Ultensel Layered Polarty_Beige,$38
425,410,NONENON,NONE RNG_B,$21
426,411,SAINTPAIN,SP Saint Club Varsity Crew Neck - Ash Melange,$60
427,412,BLACK MOMENT,Vegan leather overfit blouson zip-up jumper jacket_2COLOR,$35
428,409,SIYAZU,SITP5130 Ultensel Layered Polarty_Beige,$38
429,410,NONENON,NONE RNG_B,$21
430,411,SAINTPAIN,SP Saint Club Varsity Crew Neck - Ash Melange,$60
431,412,BLACK MOMENT,Vegan leather overfit blouson zip-up jumper jacket_2COLOR,$35
432,409,SIYAZU,SITP5130 Ultensel Layered Polarty_Beige,$38
433,410,NONENON,NONE RNG_B,$21
434,411,SAINTPAIN,SP Saint Club Varsity Crew Neck - Ash Melange,$60
435,412,BLACK MOMENT,Vegan leather overfit blouson zip-up jumper jacket_2COLOR,$35
436,409,SIYAZU,SITP5130 Ultensel Layered Polarty_Beige,$38
437,410,NONENON,NONE RNG_B,$21
438,411,SAINTPAIN,SP Saint Club Varsity Crew Neck - Ash Melange,$60
439,412,BLACK MOMENT,Vegan leather overfit blouson zip-up jumper jacket_2COLOR,$35
440,409,SIYAZU,SITP5130 Ultensel Layered Polarty_Beige,$38
441,410,NONENON,NONE RNG_B,$21
442,411,SAINTPAIN,SP Saint Club Varsity Crew Neck - Ash Melange,$60
443,412,BLACK MOMENT,Vegan leather overfit blouson zip-up jumper jacket_2COLOR,$35
444,409,SIYAZU,SITP5130 Ultensel Layered Polarty_Beige,$38
445,410,NONENON,NONE RNG_B,$21
446,411,SAINTPAIN,SP Saint Club Varsity Crew Neck - Ash Melange,$60
447,412,BLACK MOMENT,Vegan leather overfit blouson zip-up jumper jacket_2COLOR,$35
448,409,SIYAZU,SITP5130 Ultensel Layered Polarty_Beige,$38
449,410,NONENON,NONE RNG_B,$21
450,411,SAINTPAIN,SP Saint Club Varsity Crew Neck - Ash Melange,$60
451,412,BLACK MOMENT,Vegan leather overfit blouson zip-up jumper jacket_2COLOR,$35
452,409,SIYAZU,SITP5130 Ultensel Layered Polarty_Beige,$38
453,410,NONENON,NONE RNG_B,$21
454,411,SAINTPAIN,SP Saint Club Varsity Crew Neck - Ash Melange,$60
455,412,BLACK MOMENT,Vegan leather overfit blouson zip-up jumper jacket_2COLOR,$35
456,409,SIYAZU,SITP5130 Ultensel Layered Polarty_Beige,$38
457,410,NONENON,NONE RNG_B,$21
458,411,SAINTPAIN,SP Saint Club Varsity Crew Neck - Ash Melange,$60
459,412,BLACK MOMENT,Vegan leather overfit blouson zip-up jumper jacket_2COLOR,$35
460,409,SIYAZU,SITP5130 Ultensel Layered Polarty_Beige,$38
461,410,NONENON,NONE RNG_B,$21
462,411,SAINTPAIN,SP Saint Club Varsity Crew Neck - Ash Melange,$60
463,412,BLACK MOMENT,Vegan leather overfit blouson zip-up jumper jacket_2COLOR,$35
464,409,SIYAZU,SITP5130 Ultensel Layered Polarty_Beige,$38
465,410,NONENON,NONE RNG_B,$21
466,411,SAINTPAIN,SP Saint Club Varsity Crew Neck - Ash Melange,$60
467,412,BLACK MOMENT,Vegan leather overfit blouson zip-up jumper jacket_2COLOR,$35
468,409,SIYAZU,SITP5130 Ultensel Layered Polarty_Beige,$38
469,410,NONENON,NONE RNG_B,$21
470,411,SAINTPAIN,SP Saint Club Varsity Crew Neck - Ash Melange,$60
471,412,BLACK MOMENT,Vegan leather overfit blouson zip-up jumper jacket_2COLOR,$35
472,409,SIYAZU,SITP5130 Ultensel Layered Polarty_Beige,$38
473,410,NONENON,NONE RNG_B,$21
474,411,SAINTPAIN,SP Saint Club Varsity Crew Neck - Ash Melange,$60
475,412,BLACK MOMENT,Vegan leather overfit blouson zip-up jumper jacket_2COLOR,$35
476,409,SIYAZU,SITP5130 Ultensel Layered Polarty_Beige,$38
477,410,NONENON,NONE RNG_B,$21
478,411,SAINTPAIN,SP Saint Club Varsity Crew Neck - Ash Melange,$60
479,412,BLACK MOMENT,Vegan leather overfit blouson zip-up jumper jacket_2COLOR,$35
480,481,MONGDOL,[4color] Square Neck Summer Short Sleeve Knit MDKT058,$19
481,482,AQO STUDIO SPACE,Ako Fleece Half Zip-Up_Wine,$36
482,483,MUSINSA STANDARD,Womens Double Knit Two-Tuck Wide Lounge Sweatpants [Dark Gray],$40
483,484,MUSINSA STANDARD,Womens Double Knit Two-Tuck Wide Lounge Sweatpants [Black],$40
484,485,VERISH,Cool Fit Bra Signature - Black,$36
485,486,PRENDA,OVERFIT RIBBON UNIFORM LONG SLEEVE LIGHT PINK,$26
486,487,PRENDA,PRDA KNIT RIBBED BUCKET HAT NAVY,$26
487,488,TOFFEE,2WAY SWEAT ZIP-UP HOODIE (BLACK),$39
488,489,TOFFEE,2WAY SWEAT ZIP-UP HOODIE (CHARCOAL),$39
489,490,STAND OIL,Mirror Heart Keyring · Mirror Heart Keyring,$42
490,491,TOFFEE,2WAY Cropped Sweat hooded Zip-up (MELANGE GRAY),$39
491,492,TOFFEE,2WAY Cropped Sweat hooded Zip-up (BLACK),$39
492,493,YALE,EMBROIDERY DAN 7 GAUGE CREWNECK KNIT NAVY,$39
493,494,TYPESERVICE,Typeservice Web Cap [Black],$36
494,495,acmé de la vie,ADLV BASIC SHORT SLEEVE T-SHIRT 2_WHITE,$33
495,496,YALE,(24SS) [ONEMILE WEAR] 2PACK SMALL ARCH TEE WHITE / WHITE,$29
496,497,LOVE ME MONSTER,Big MaMa Muffler_BU,$30
497,498,ACOVER,Pin tuck hidden banding wide slacks charcoal,$36
498,499,GRAVER BAG AND ACC,[UNISEX] Duck Face embroidered Cross Messenger Bag_Black,$38
499,500,MATIN KIM,LOGO BAND TRIANGLE BRA IN WHITE,$41
500,501,TAKEASY,Lambswool Crew Neck Loose-fit Knit Sweater (Dark Earth),$36
501,502,RETRIEVER CLUB,RETRIEVER FRIENDS SHORT SLEEVE [BLACK],$35
502,503,GOCORI,ANGORA EAR BEANIE - PURPLE Angora beanie,$39
503,504,MUSINSA STANDARD,WOMENS WIDE HIDDEN ELASTIC WAISTBAND SLACKS_MEDIUM GRAY,$38
504,505,MUSINSA STANDARD,Womens Notched Double Crop Blazer [Charcoal Gray],$37
505,506,NASTY FANCY CLUB,[PPG X FANCY] P.P.G LOGO JACQUARD BEANIE (BLACK)_F23PG1021,$35
506,507,AVANDRESS,Eila Ribbed Dress CHARCOAL,$56
507,508,NOIAGO,NOI170 Logo Knit Vest (Black),$36
508,509,ACOVER,Corduroy narrow spandex banding pants khaki,$17
509,510,HAS,HFS001 Classic signature logo velvet hairband,$16
510,511,MUSINSA STANDARD,WOMENS WIDE HIDDEN ELASTIC WAISTBAND SLACKS_BEIGE,$18
511,512,GAKKAI UNIONS,One-tuck Wide-fit sweatpants dark green,$29
512,513,GAKKAI UNIONS,SINGLE PLEATED WIDE SWEATPANTS CHARCOAL,$29
513,514,GAKKAI UNIONS,One tuck wide sweatpants dust khaki,$29
514,515,AVANDRESS,Flex Round Knit Short Sleeve - 9COL,$21
515,516,MARMARD,Lacscent Body Wash 488ml (Select Option),$13
516,517,MARMARD,Lacscent Body Lotion 488ml (Select Option),$13
517,518,THOMASMORE,TI9401 tie,$30
518,519,AGAINST ALL ODDS,Bermuda Wide One-Tuck Sweat Shorts [Grey],$15
519,520,thisisneverthat®,(SS22) Easy Pant Black,$41
520,521,MUSINSA STANDARD,WOMENS WIDE HIDDEN ELASTIC WAISTBAND SLACKS_NAVY,$38
521,522,AQO STUDIO SPACE,Macaron Bunny Bear Sweatshirt Orange,$16
522,523,MAHAGRID,LANDSCAPE SWEATSHIRT NAVY(MG2CFMM453A),$25
523,524,MAHAGRID,LAUREL SWEATSHIRT SKYBLUE(MG2CSMM461A),$32
524,525,PLACE STUDIO,Pullover Cable Collar Zip-up Crop Knit Cardigan Jacket,$40
525,526,LUV IS TRUE,VL BLINK BEANIE_BLACK,$29
526,527,LUV IS TRUE,MZ BALACLAVA_BLACK,$29
527,528,LUV IS TRUE,VL BLINK BEANIE_PINK,$29
528,529,KINDABABY,dot butterfly necklace,$32
529,530,MUSINSA STANDARD,Womens Lightweight High Waist Wide Hidden Banding Slacks [Beige],$18
530,531,MUSINSA STANDARD,Womens Lightweight High Waist Wide Hidden Banding Slacks [Navy],$18
531,532,GENERAL IDEA,GNRL Stripe Collar Knit [NAVY] / WBC1L05515,$27
532,533,VENHIT,BLACK PLANET HOODIE,$36
533,534,VENHIT,LUX RABBIT HOODIE,$36
534,535,MUSINSA STANDARD,WOMENS SLIM STRAIGHT DENIM PANTS_SKY BLUE,$46
535,536,AGAINST ALL ODDS,One-Tuck Wide Twill Cotton Banding Pants [Dough],$30
536,537,AGAINST ALL ODDS,Wide Big Pocket Cotton Cargo Banding String Pants [Khaki],$30
537,538,ACOVER,[Added Napping Option] ACVR Front Bootcut SweatElasticated waist Pants Black,$32
538,539,AVANDRESS,Angora diamond knit - 3COL,$40
539,540,AGAINST ALL ODDS,One-Tuck Wide Twill Cotton Banding Pants [Khaki],$30
540,541,ACOVER,Around Embroidered Jogger Pants Black,$32
541,542,VIVASTUDIO,LOCATION CREWNECK [BLACK],$37
542,543,ACOVER,Cat tabby loose fit long sleeve t-shirt beige,$17
543,544,ACOVER,Shai spread knit t-shirt black,$17
544,545,BORN CHAMPS,CHMPS Football Pigment Short Sleeve T-Shirt B23ST12CH,$39
545,546,GLW,SEMI-WIDE BACK ELASTIC WAIST SLACKS BEIGE,$29
546,547,KINDABABY,basic wool 100 muffler - cream,$28
547,548,WMC,Double Blue Dragon Long Sleeve_BLACK,$45
548,549,GRAVER BAG AND ACC,[UNISEX] FLOWER DOT EMBROIDERED TWO-WAY CANVAS BAG_BLACK,$18
549,550,MAHAGRID,TAZ RIDER TEE BLACK(MG2DMMT539B),$37
550,551,AMES-WORLDWIDE,BASIC LOGO KNIT IVORY,$27
551,552,HAS,HFS002 Classic logo satin wide hairband,$23
552,553,EVERYBIRTHDAY,rose flower silver earrings,$31
553,554,AVANDRESS,This is wide pants BLACK,$39
554,555,AVANDRESS,This is wide pants GRAY,$39
555,556,CPGN STUDIO,VISIONARY Layered Pigment Long Sleeve Smoke Black,$33
556,557,VARZAR,Herringbone Label Bucket Hat Black,$39
557,558,MUSINSA STANDARD,CORDURA BACKPACK_BLACK,$34
558,559,GENERAL IDEA,GNRL wool basic cardigan [2COL] / W22F06004,$30
559,560,ABON,W23 Mac Basic Round Buckle Real Leather Belt White,$30
560,561,ODDSTUDIO,[Set] Very Close Knit Muffler Gloves - 6COLOR,$62
561,562,URBANAGE,Daily standard half zip-up black,$26
562,563,CPGN STUDIO,Butterfly Pigment Short Sleeve Tee Smoke Black,$30
563,564,AVANDRESS,PLEATS DENIM SKIRT GRAY,$44
564,561,ODDSTUDIO,[Set] Very Close Knit Muffler Gloves - 6COLOR,$62
565,562,URBANAGE,Daily standard half zip-up black,$26
566,563,CPGN STUDIO,Butterfly Pigment Short Sleeve Tee Smoke Black,$30
567,564,AVANDRESS,PLEATS DENIM SKIRT GRAY,$44
568,561,ODDSTUDIO,[Set] Very Close Knit Muffler Gloves - 6COLOR,$62
569,562,URBANAGE,Daily standard half zip-up black,$26
570,563,CPGN STUDIO,Butterfly Pigment Short Sleeve Tee Smoke Black,$30
571,564,AVANDRESS,PLEATS DENIM SKIRT GRAY,$44
572,561,ODDSTUDIO,[Set] Very Close Knit Muffler Gloves - 6COLOR,$62
573,562,URBANAGE,Daily standard half zip-up black,$26
574,563,CPGN STUDIO,Butterfly Pigment Short Sleeve Tee Smoke Black,$30
575,564,AVANDRESS,PLEATS DENIM SKIRT GRAY,$44
576,577,DE MARC,Color stitch maxi crop t-shirt sky blue,$35
577,578,MUSINSA STANDARD,Womens Flat Terry Wide Lounge Sweatpants [Cream],$28
578,579,MUSINSA STANDARD,Womens Wide Sweatpants [Navy],$28
579,580,GRAVER,[UNISEX] Elbow Spray Smile Drawing Sweatshirt_Black,$34
580,581,GRAVER,[UNISEX] Semi-Wide Elasticated waist Slacks,$16
581,582,GRAVER,[UNISEX] SMALL DRAWING SMILE WHITE CLIP SHORT SLEEVE T-SHIRT WHITE,$28
582,583,GRAVER,[UNISEX] Small Drawing Smile Short Sleeve Tee_Black/White Logo,$28
583,584,CHASECULT,Womens Hooded Detachable Fleece Jumper - KFAG4142C0A,$28
584,585,MONGDOL,Wide Slacks Belted Pants Rayon Black MDPT009RNBLACK,$18
585,586,1989STANDARD,ARCH 1989 Man to Man (STMSTD-0008),$29
586,587,CHASECULT,Womens Lettering Embroidery Hooded Zip-Up - BERG4351B03,$28
587,588,MUSINSA STANDARD,WOMENS HALF ZIP SWEATSHIRT_MELANGE LIGHT GRAY,$28
588,589,AVANDRESS,BACK RIBBON SQUARE Short-sleeve BLOUSE WHITE,$30
589,590,AVANDRESS,BACK RIBBON SQUARE Short-sleeve BLOUSE BLACK,$30
590,591,CHASECULT,Womens Lettering Embroidered Skirt - BERG6251B03,$14
591,592,ACOVER,Tartan Pocket Check Shirt Overfit Black,$27
592,593,TRILLION,Washable Crew Neck Hachi Knit _PURE BLACK,$27
593,594,GLW,(WINTER FABRIC) SINGLE PLEATED WIDE SWEATPANTS GRAY,$25
594,595,GLW,(WINTER FABRIC) SINGLE PLEATED WIDE SWEATPANTS BLACK,$25
595,596,WIGGLE WIGGLE,Wood Long Umbrella - Smile_Check,$32
596,597,1989STANDARD,AUTHENTIC HOOD (STHSTD-0007),$33
597,598,AVANDRESS,real wide cargo pants LIGHT BLUE,$48
598,599,MAHAGRID,UNIVERSITY PIGMENT TEE_CHARCOAL,$32
599,600,MAHAGRID,STRIPED POCKET LS TEE BEIGE(MG2CFMT570A),$32
600,601,GRAVER,[UNISEX] HEART SNAKE WHITE CLIP LONG SLEEVE T-SHIRT_2COLOR,$27
601,602,BONIEE,MEOW CAT KITTEN Canvas Shoulder Big Eco Bag Black,$45
602,603,NONENON,NONE AIRPOD PRO CASE_WHITE,$24
603,604,BONIEE,CIA cat (CIA CAT KITTEN) canvas shoulder big eco bag black,$45
604,605,ABON,Daily Fake Leather Square Crossbody Bag Brown,$27
605,606,VENHIT,SPACE CAT special cotton sweatshirt_B1,$30
606,607,SINJIMORU,4800mAH iPhone (8 pin) · Galaxy (C type) 12W docking integrated wireless fast charger and mini auxil,$24
607,608,ALMOSTBLUE,bunny pearl bracelet,$26
608,609,KINDABABY,antique black cubic necklace,$26
609,610,ACOVER,see-through stripe knit long sleeve ivory,$17
610,611,AGAINST ALL ODDS,White Laurel Tea [White Melange],$14
611,612,AVANDRESS,BUCKLE WIDE DENIM PANTS OATMEAL,$44
612,613,AMES-WORLDWIDE,CHAMPIONSHIP TEE WHITE,$22
613,614,thisisneverthat®,SP-Logo Nylon Cap Black,$33
614,615,DE MARC,Box fit short sleeve stitched sleeve t-shirt gray,$24
615,616,GRAVER,[UNISEX] ELBOW FLOWER DOT WHITE CLIP SWEATSHIRT_GRAY,$34
616,617,NONENON,DICE NEC,$24
617,618,KINDABABY,basic middle hair claw - black,$21
618,619,MAHAGRID,BASIC LOGO TEE_BLACK,$28
619,620,MAHAGRID,VARSITY LOGO TEE_LIGHT GREY,$28
620,621,RIETI,LOCIO RT3032 3 Colors,$28
621,622,MAHAGRID,LEMON TREE TEE GREEN(MG2CMMT517A),$19
622,623,MAHAGRID,AUTUMN FOREST LS TEE WHITE(MG2CFMT565A),$28
623,624,MAHAGRID,LEMON TREE TEE WHITE(MG2CMMT517A),$19
624,625,MAHAGRID,LEMON TREE TEE NAVY(MG2CMMT517A),$19
625,626,ODDSTUDIO,Basic knit check scarf - 21COLOR,$36
626,627,WAI KEI,star vintage logo beanie pink,$36
627,628,UNALLOYED,FLOWER BEANIE/BEIGE,$23
628,629,FARMSTAY,Tea Tree Biome Calming Toner Pad 140ml 70 sheets,$12
629,630,RECLOW,RC EE473 BLACK,$32
630,631,RECLOW,RC E374 BLACK GLASS,$27
631,632,MILLO,Square Archive T-Shirt [Black],$20
632,629,FARMSTAY,Tea Tree Biome Calming Toner Pad 140ml 70 sheets,$12
633,630,RECLOW,RC EE473 BLACK,$32
634,631,RECLOW,RC E374 BLACK GLASS,$27
635,632,MILLO,Square Archive T-Shirt [Black],$20
636,629,FARMSTAY,Tea Tree Biome Calming Toner Pad 140ml 70 sheets,$12
637,630,RECLOW,RC EE473 BLACK,$32
638,631,RECLOW,RC E374 BLACK GLASS,$27
639,632,MILLO,Square Archive T-Shirt [Black],$20
640,629,FARMSTAY,Tea Tree Biome Calming Toner Pad 140ml 70 sheets,$12
641,630,RECLOW,RC EE473 BLACK,$32
642,631,RECLOW,RC E374 BLACK GLASS,$27
643,632,MILLO,Square Archive T-Shirt [Black],$20
644,629,FARMSTAY,Tea Tree Biome Calming Toner Pad 140ml 70 sheets,$12
645,630,RECLOW,RC EE473 BLACK,$32
646,631,RECLOW,RC E374 BLACK GLASS,$27
647,632,MILLO,Square Archive T-Shirt [Black],$20
648,629,FARMSTAY,Tea Tree Biome Calming Toner Pad 140ml 70 sheets,$12
649,630,RECLOW,RC EE473 BLACK,$32
650,631,RECLOW,RC E374 BLACK GLASS,$27
651,632,MILLO,Square Archive T-Shirt [Black],$20
652,629,FARMSTAY,Tea Tree Biome Calming Toner Pad 140ml 70 sheets,$12
653,630,RECLOW,RC EE473 BLACK,$32
654,631,RECLOW,RC E374 BLACK GLASS,$27
655,632,MILLO,Square Archive T-Shirt [Black],$20
656,629,FARMSTAY,Tea Tree Biome Calming Toner Pad 140ml 70 sheets,$12
657,630,RECLOW,RC EE473 BLACK,$32
658,631,RECLOW,RC E374 BLACK GLASS,$27
659,632,MILLO,Square Archive T-Shirt [Black],$20
660,629,FARMSTAY,Tea Tree Biome Calming Toner Pad 140ml 70 sheets,$12
661,630,RECLOW,RC EE473 BLACK,$32
662,631,RECLOW,RC E374 BLACK GLASS,$27
663,632,MILLO,Square Archive T-Shirt [Black],$20
664,629,FARMSTAY,Tea Tree Biome Calming Toner Pad 140ml 70 sheets,$12
665,630,RECLOW,RC EE473 BLACK,$32
666,631,RECLOW,RC E374 BLACK GLASS,$27
667,632,MILLO,Square Archive T-Shirt [Black],$20
668,629,FARMSTAY,Tea Tree Biome Calming Toner Pad 140ml 70 sheets,$12
669,630,RECLOW,RC EE473 BLACK,$32
670,631,RECLOW,RC E374 BLACK GLASS,$27
671,632,MILLO,Square Archive T-Shirt [Black],$20
672,673,STAND OIL,Chubby bag,$128
673,674,AGAINST ALL ODDS,Wide Denim Pants [Dough],$30
674,675,LAFUDGESTORE,Duckdown minimal puffer short padding_Black,$56
675,676,1993STUDIO,Vintage Half Zip_Light Gray,$33
676,677,YALE,EMBROIDERY DAN NO COLLAR BOA FLEECE JACKET IVORY,$45
677,678,YALE,EMBROIDERY DAN COLLARLESS QUILTING FLEECE JACKET IVORY,$36
678,679,LAFUDGESTORE,Windcell puff padded jacket _Midnight Blue,$48
679,680,LAFUDGESTORE,Windcell puff padded jacket _Dim Gray,$48
680,681,IUGAMAKARAS,Triple Covered Crow Buckle Bag,$154
681,682,LAFUDGESTORE,Windcell puff padding jacket _Cloud Gray,$48
682,683,ATT,x strap maryjane sneakers,$85
683,684,GAKKAI UNIONS,SINGLE PLEATED WIDE SWEATPANTS WHITE MELANGE,$29
684,685,GLW,easy wide denim pants gray,$33
685,686,DELIGHTPOOL,Smiley Smile - Pink,$92
686,687,MAHAGRID,MGD CARPENTER DENIM SHORT LIGHT BLUE (MG2DMMD112A),$63
687,688,YALE,EMBROIDERY DAN COLLARLESS QUILTING JACKET IVORY,$54
688,689,PUNCH DRUNK PARTIES,Garment Dyed Hoodie (CHARCOAL),$108
689,690,LMC,LMC,$693
690,691,HAVELESS,HAILEE FAUX FUR JACKET BEIGE,$289
691,692,DE MARC,Overfit square print stitch color combination long sleeve t-shirt black,$52
692,693,OPENING PROJECT,Pixelated Logo Beanie - Off White,$36
693,694,STUMPYNEE,CARGO SHORT SKIRT_GRAY,$29
694,695,PLACE STUDIO,Vegan Leather Overfit Blouson [Brown],$100
695,696,GLOWNY,G CLASSIC WASHED BOXY ZIP UP (WHITE),$141
696,697,AVANDRESS,Super Wide Dart Denim Pants BLACK,$58
697,698,GLOWNY,ISA ASYMMETRICAL KNIT TOP (BLACK),$120
698,699,TTMAB,Bow Small baguette bag - 2A.M. black,$100
699,700,ACOVER,Black butterfly pigment hoodie dark beige,$48
700,701,DIMITRI BLACK,2WAY Crop Corduroy Drizzler Jacket_Black,$40
701,702,TOFFEE,Low Rise Wide Denim Pants (DEEP GRAY),$30
702,703,LAFUDGESTORE,Buffed Leather Pleated Shoulder Bag_Black,$39
703,704,YALE,EMBROIDERY DAN COLLARLESS QUILTING FLEECE JACKET PINK,$45
704,705,AVANDRESS,This is wide pants LIGHT BLUE,$39
705,706,TRILLION,Washable Aran cable hood zip-up knit (CHARCOAL),$50
706,707,TOFFEE,Low Rise Wide Denim Pants (LIGHT BLUE),$30
707,708,MAHAGRID,LOVE PUNK PIGMENT SWEATSHIRT CHARCOAL(MG2DFMM442A),$55
708,709,TAKEASY,Wool Brush V-Neck Cardigan (Green),$46
709,710,AVANDRESS,Punching Knit Dress BLACK,$39
710,711,MOON FAIRY,MF Bonnie Ribbon Pleated Skirt - Beige,$70
711,712,FINDKAPOOR,MARTY WEDGE BAG 22 CRINKLED - 5color,$147
712,713,LAFUDGESTORE,Classic varsity knit zip-up jacket_Charcoal,$53
713,714,LIKE THE MOST,Rabbit brushed over hoodie 3 colors,$33
714,715,PARTIMENTO WOMEN,Reversible shirring hooded puffer jacket_red,$154
715,716,NOMANUAL,DOUBLE LAYERED PANTS - BLACK,$154
716,717,PIECEMAKER,RIBBON 2WAY PADDED JACKET (GREY),$108
717,718,NOTKNOWING,Black Moto Hobo Bag (LEATHER),$189
718,719,MAHAGRID,HALFTONE HOODIE BLACK(MG2DFMM423A),$59
719,720,MAHAGRID,GOTHIC LOGO KNIT BUCKET HAT BLACK(MG2CFMAB32A),$33
720,721,ESPIONAGE,Heavyweight Waffle Knit Sweater Olive,$68
721,722,DE MARC,Real wide sideline track pants print ver.,$126
722,723,LAFUDGESTORE,Ulrich Balmacan Overcoat_Black,$77
723,724,DIMITRI BLACK,(All Season) All-Sunday Wide Denim Pants_Gray,$27
724,725,CESTI,Spider Web Ankle Tie Loafers (BLACK),$76
725,726,GAKKAI UNIONS,SINGLE PLEATED WIDE SWEATPANTS OATMEAL,$29
726,727,MATIN KIM,ACCORDION WALLET IN BLACK,$94
727,728,TOFFEE,Low Rise Wide Denim Pants (BLEACH),$30
728,729,HUG YOUR SKIN,Long fur hood zip-up (khaki),$108
729,730,FALLETT,Sports Club Football Jersey Black,$49
730,731,PANDORAFIT,[WIDE] Nimare Jeans,$42
731,732,BONIEE,[Fleece Selection] Back Ribbon Graphic Back Printing Over Hooded T-shirt Gray,$63
732,733,TTMAB,Ribbon Small Baguette Bag - Pillow Talk Pink,$100
733,734,LAFUDGESTORE,Arctic Hooded Down Puffer jacket_Black,$72
734,735,CRITIC,RACING ZIP-UP KNIT NAVY,$94
735,736,MAHAGRID,VARSITY LOGO HOODIE LIGHT GREY(MG2ESMM406A),$63
736,737,TRILLION,Yellow Washed Reverse Tuck Denim Pants_BLACK,$38
737,738,D.LAB,Cuddly string pocket cross bag - black,$53
738,739,AVANDRESS,Bonnie Off-shoulder Scarf T-shirt IVORY,$46
739,740,COVERNAT,Cool Cotton 2-PACK T-Shirt Black+White,$47
740,741,GENERAL IDEA,GNRL wool V-neck cable cardigan [OATMEAL] / WBC4L04526,$39
741,742,VVV,Heart mirror padded shoulder cross bag _ pink,$123
742,743,VVV,Heart mirror padded shoulder cross bag _ Black,$123
743,744,FILLUMINATE,Taslan Windtaker Jacket - Black,$66
744,745,MAHAGRID,LOVE PUNK PIGMENT SWEATSHIRT PINK(MG2DFMM442A),$55
745,746,MAHAGRID,LOVE PUNK PIGMENT SWEATSHIRT BEIGE(MG2DFMM442A),$55
746,747,MAHAGRID,APPLIQUE ZIP UP HOODIE LIGHT GRAY(MG2CFMM428A),$76
747,748,2000ARCHIVES,2000 Football T-Shirt (Navy),$126
748,749,MAHAGRID,DONT PANIC PIGMENT SWEATSHIRT CHARCOAL(MG2DSMM441A),$55
749,750,FLAVORISM,Cut Off Bleach Washed Denim Pants (TP0042),$61
750,751,WAI KEI,MALTESE ARCHIVE SWEATSHIRT GRAY,$53
751,752,LAFUDGESTORE,[3M Thinsulate] Original M-1965 Fishtail Parka_Original Khaki,$94
752,753,MUSINSA STANDARD,WOMENS FLEECE COLLARLESS JACKET [BLACK],$24
753,754,PIECEMAKER,EWP PLEATS SKIRT (CHARCOAL),$39
754,755,GENERAL IDEA,GNRL minimal tweed set [BLACK] / WBD1L55543SET,$145
755,756,PAINORPLEASURE,JENNIE OFF-SHOULDER TOP white,$87
756,757,LIKE THE MOST,Studio heart brushed overhoodie 4colors,$31
757,758,GLW,[Non-fade] Easy wide denim pants low indigo,$33
758,759,MAHAGRID,SUN LOGO PIGMENT ZIP UP HOODIE CHARCOAL(MG2DFMM430A),$81
759,760,MAHAGRID,HALFTONE HOODIE BLUE (MG2DFMM423A),$59
760,761,STAND OIL,Clam bag,$103
761,762,MARTINCOX,Quilting rose Leather Quilting rose leather backpack (cowhide) Black,$141
762,763,GENERAL IDEA,U-neck ribbed long sleeve tee [IVORY] / WBD1L01508,$29
763,764,D.LAB,String pocket Boston travel bag - black,$58
764,765,BONIEE,[Brushing Selection] RIBBON GRAPHIC Over Sweatshirt Gray,$54
765,766,ALYSS,Plain Brushed Sweat Denim Cropped Hood Zip-up [Washed Black],$64
766,767,AVANDRESS,Bonnie Off-shoulder Scarf T-shirt LAVENDER,$46
767,768,MIDNIGHT MOVE,off shoulder knit (ivory),$60
768,769,CPGN STUDIO,CP Emblem Embroidered Pullover Black,$38
769,770,LAFUDGESTORE,Duckdown minimal puffer short padding_Beige,$56
770,771,DE MARC,Velvet Happo Funky Street Rider Jumper Black,$163
771,772,LAFUDGE FOR WOMAN,[Woman] Ulrich Trench McCord_Black,$60
772,773,23.65,Polka 1 padded cold weather slippers beige,$41
773,774,ULKIN CANVAS,Betty Boop Lace Layered Frill Mini One Piece_Black,$38
774,775,FARMSTAY,Citrus Citron Vitalizing Mask Sheet 23ml*10 sheets,$8
775,776,TIMCOMIX,8 BALL BRUSH KNIT IVORY,$49
776,777,VUNQUE,Memory Photo Keyring Pink,$50
777,778,LAFUDGESTORE,Buffing leather overfit blouson_Suede Brown,$72
778,779,YASE,[Lab Series] Spider Leather Sneakers Silver,$87
779,780,CHUCK,Greedy Cat Regular Fit Short Sleeve T-Shirt (White),$25
780,781,NOT4NERD,Tribal Logo Nylon Racing Jacket - Black,$81
781,782,ANOBLIR,Crochet Sweater [Sky Blue],$16
782,783,NICK&NICOLE,NICOLE SQUARE SHOULDER BAG_BLACK,$65
783,784,MAHAGRID,SHERPA FLEECE JACKET BLACK(MG2CWMB930A),$63
784,785,YALE,(24SS) WARM+ UP QUILTING JACKET IVORY,$54
785,786,ACOVER,Loose-fit Bolero Boucle Knit Sweater Cardigan Ivory,$18
786,787,STAND OIL,Butter bag Classic,$96
787,788,SATUR,Vinales Retro Washed Denim Newtro Blue,$95
788,789,GAKKAI UNIONS,SINGLE PLEATED WIDE SWEATPANTS DARK GRAY,$29
789,790,DOFFJASON,OVERSIZED LAMBSKIN SINGLE BREASTED JACKET,$216
790,791,GENERAL IDEA,U-neck ribbed long sleeve tee [BLACK] / WBD1L01508,$29
791,792,BONIEE,[Fleece Selection] MEOW CAT KITTEN Over Sweatshirt White,$54
792,793,DIMITRI BLACK,Overfit bio denim hood zip-up_gray,$56
793,794,PIGMENT,Half-colored cardigan (PBCW-NCDW012),$49
794,795,LARTIGENT,L8 JADORE SLIM T-SHIRT(NAVY),$30
795,796,AVANDRESS,Bonnie Off-shoulder Scarf T-shirt BLACK,$46
796,797,PHYPS,PHYPS® SCATTER STAR TAIL HOODIE DYING BLACK,$75
797,798,LAFUDGESTORE,Duckdown minimal puffer short padding_Dim Gray,$56
798,799,ACOVER,Spray cross artwork painting hood zip-up charcoal,$28
799,800,LEATHERY,Inside the Closet Knit [IVORY],$51
800,801,YALE,EMBROIDERY DAN NO COLLAR BOA FLEECE JACKET LIGHT BLUE,$54
801,802,COVERNAT,RDS Civic Short Puffer Black,$188
802,803,MAHAGRID,HALFTONE HOODIE LIGHT GREY(MG2DFMM423A),$59
803,804,MAHAGRID,MGD CARPENTER DENIM SHORT BLACK(MG2DMMD112A),$63
804,805,YALE,EMBROIDERY DAN NO COLLAR BOA FLEECE JACKET NAVY,$45
805,806,NOT YOUR ROSE,Draping Halter Top (Navy),$73
806,807,1993STUDIO,90S Track Sweatshirt_Gray,$31
807,808,ONENINENINEONE,Unbalanced off shoulder top_Charcoal,$54
808,809,GRAVER,[UNISEX] Flower heart half smile embroidery hoodie_black,$51
809,810,BONIEE,[Brushing Selection] New Cat Symbol (NEW CAT SYMBOL) Cat Over Sweatshirt Navy,$54
810,811,BONIEE,[Fleece Selection] Angel Cat Graphic Over Hooded T-Shirt White,$63
811,812,DIMITRI BLACK,Vegan leather racing jacket_black,$71
812,813,DIMITRI BLACK,Curved slash denim pants_gray,$34
813,814,ALYSS,Cut-off Incision Wide Denim Pants [Dusty Black],$75
814,815,KIRSH,Cherry Garment Washing Wide Fit Denim Pants [Purple],$106
815,816,KIRSH,Pocket Vintage Stitch Point Handbag [Dark Blue],$61
816,817,BROWNBREATH,PIGMENT DENIM HOOD ZIP UP - INDIGO,$108
817,818,LMC,SPRAYED BEAR SWEATSHIRT black,$65
818,819,GRAVER,[UNISEX] Small drawing smile hoodie_navy/white logo,$48
819,820,ZERO STREET,Cape off-shoulder sweater / ivory,$53
820,821,GLOWNY,JOSHUA PANELED LONG SLEEVE (IVORY),$49
821,822,LEVAR,Pullover Round Wool Knit - 7colors,$80
822,823,YOUHEE,YOUHEE RIBBON HOOD ZIP-UP,$80
823,824,AGAINST ALL ODDS,Wide Big Pocket Cotton Cargo Banding String Pants [Dough],$30
824,825,MIMI MONDE,Triple Ribbon Dress (Charcoal),$107
825,826,VVV,Heart Mirror Buckle Shoulder Bag _ Black,$121
826,827,DOMINANT,Cat World Crop Tee White,$25
827,828,AVANDRESS,Nonfade Wide Denim Pants SELVAGE BLUE,$29
828,829,GAKKAI UNIONS,One tuck wide sweatpants khaki,$29
829,830,GLW,Easy Wide Denim Pants Vintage Light Blue,$33
830,831,NOT YOUR ROSE,Soft Epi Bolero Set (Pink),$130
831,832,NICK&NICOLE,NICOLE BOLERO KNIT SET UP_GRAY,$51
832,833,MAHAGRID,APPLIQUE ZIP UP HOODIE GRAY (MG2CFMM428A),$76
833,834,IUGAMAKARAS,Knotted Backpack (Black),$133
834,835,TYPESERVICE,Typeservice Web Cap [Beige Gray],$29
835,836,WOOALONG,Signature Logo ball cap_BLACK,$29
836,837,MATIN KIM,SPORTY TOTE BAG IN BLACK,$154
837,838,TOFFEE,2WAY SWEAT ZIP-UP HOODIE (OATMEAL),$39
838,839,DOUBLE JD,Good Flower Spray Pants (Black),$54
839,840,SOME PLACE,Vegan leather collar trucker single two-way zip-up jacket jumper,$59
840,841,YELLOWSTONE,Nano cloud mini bag - Beige,$22
841,842,BONIEE,[Brushing Selection] MEOW CAT KITTEN Over Sweatshirt Navy,$54
842,843,BONIEE,[Fleece Selection] MEOW CAT KITTEN Over Sweatshirt Pink,$54
843,844,ALYSS,Tassel line stitch knit trucker jacket [deep navy],$91
844,845,COVERNAT,Washed Denim Regular Pants Black,$76
845,846,KIRSH,Pocket drawstring cross bag [black],$70
846,847,PLACE STUDIO,Soft round neck rib knit sweater,$75
847,848,DUNST FOR WOMEN,UNISEX DUNST LOGO CREASE SWEATSHIRT OATMEAL MELANGE_UDTS4A103I1,$68
848,849,DUNST FOR WOMEN,UNISEX LEATHER LOGO WIDE SWEAT PANTS MELANGE GREY_UDPA4A102G2,$88
849,850,AVANDRESS,Bonnie Off-shoulder Scarf T-shirt CHARCOAL,$46
850,851,COVERNAT,C logo collar varsity jacket navy,$144
851,852,COVERNAT,Arch Logo Half Zip-Up Sweatshirt White,$76
852,853,PAINORPLEASURE,DEW COWL SATIN DRESS cream,$154
853,854,STAND OIL,Odd Bag · Odd Bag,$96
854,855,NOT YOUR ROSE,Rib knit bolero set (pink),$123
855,856,CUSTOMADE WOMAN,4.5cm round toe chunky Mary Jane Rudy (CW0053BK),$48
856,857,TOFFEE,Two-way collar cropped knit zip-up (BLUE),$41
857,858,MONGDOL,Wool High Neck Cropped Coat Oatmeal MDCT011OATMEAL,$98
858,859,GLW,Easy Wide Denim Pants Naples Vintage Light Indigo,$33
859,860,23.65,Polka 1 padded cold weather slippers black,$41
860,861,ACOVER,Crop Fit Warmer Long Sleeve T-shirt Black,$18
861,862,CHEATING OYSTER,DENIM PRINTED BAG / BLUE CHECK (mini tote bag denim print blue check),$54
862,863,CHEATING OYSTER,LACE BRAIDED KEY RING / WHITE (lace braided key ring white),$28
863,864,PIECEMAKER,EWP PLEATS SKIRT (BLACK),$39
864,865,MCLANEE,Penbu shoulder and cross bag,$70
865,866,ELLIOTI,Suede Zip-up Jacket_Black,$99
866,867,ELLIOTI,Nonefade Classy Wide Denim Pants_Indigo,$81
867,868,ELLIOTI,Heritage Logo Sweatshirts_White,$72
868,869,ELLIOTI,Classy Wide Slacks_Beige,$81
869,870,DYDOSHOP,Godscent Jeans,$153
870,871,FLOR,Oxy Shoulder bag Black,$208
871,872,ATELIER NAIN,ESSENTIAL COLOR MATCHING POINT KNIT(T-6772),$54
872,873,ATELIER NAIN,ESSENTIAL COLOR DENIM MAXI SKIRT(SK-4899),$72
873,874,CHI,Vegan Hand Care Set Temple 300ml + 50ml,$38
874,875,2000ARCHIVES,BLESSED BEANIE,$59
875,876,BONIEE,[Back Selection] Back Ribbon Graphic Back Printing Over Hooded T-shirt Green,$63
876,877,BONIEE,[Nursing Selection] Back Ribbon Graphic Back Printing Over Hooded T-shirt Black,$63
877,878,DIMITRI BLACK,Curved slash denim pants_yellow washing,$34
878,879,DIMITRI BLACK,2WAY striped boucle knit hooded zip-up_pink,$45
879,880,DIMITRI BLACK,Striped boucle knit cardigan_oatmeal,$42
880,881,DIMITRI BLACK,Striped boucle knit cardigan_sky blue,$42
881,882,DIMITRI BLACK,(All Season) Essential Cotton Cargo Pants_Beige,$42
882,883,DIMITRI BLACK,(All Season) Essential Cotton Cargo Pants_Black,$42
883,884,DIMITRI BLACK,(VLAD) Artwork nylon camp cap_black,$31
884,885,Archivépke,Luv it bag(Red clay)_OVBAX24110CHC,$83
885,886,ALYSS,Plain brushed sweat denim crop hood zip-up [deep blue],$64
886,887,ALYSS,Plain brushed sweat denim hooded zip-up [washed black],$64
887,888,ALYSS,Natural Twin Washed Maxi Denim Pants [Vintage Brown],$65
888,889,ALYSS,Faded washed denim shirt [dusty black],$67
889,890,ILLIGO,129 Mini Coin Bag Black,$49
890,891,KIRSH,Cherry Garment Washing Wide Fit Denim Pants [Brown Khaki],$106
891,892,PLACE STUDIO,Washable neck collar cable half zip-up knit,$78
892,893,MATIN KIM,CUT OUT DETAILED KNIT CARDIGAN IN BLACK,$178
893,894,LARTIGENT,L8 TRACK SWEATSHIRT(KHAKI),$86
894,895,AVANDRESS,Atlantis Rose Crop Varsity Jacket PINK,$118
895,896,GENERAL IDEA,Minimal tweed set [CREAM] / WBD1L55543SET,$145
896,897,AVANDRESS,Atlantis Marine Crop Varsity Jacket NAVY,$118
897,898,AVANDRESS,Bonnie Off-shoulder Scarf T-shirt GRAY,$46
898,899,BROWNBREATH,TAG PIGMENT LONGSLEEVE - PURPLE,$63
899,900,BROWNBREATH,BRTH CARGO WORK PANTS - BLACK,$90
900,901,BROWNBREATH,W PIGMENT HOOD ZIP UP - RED,$90
901,902,COVERNAT,C Logo Collar Varsity Jacket Mint,$144
902,903,FALLETT,flowing ribbon knit navy,$89
903,904,SYNDROMEZ,Python Hoodie 01 (Brown),$106
904,905,GLOWNY,G CLASSIC WASHED BOXY ZIP UP (GRAY),$141
905,906,LEATHERY,Crooked Stitch Cropped Puffer Jacket [MATT BK],$58
906,907,YASE,Forest Hiking Shoes Black,$108
907,908,LAFUDGESTORE,Woolrich Soutien Collar Overcoat_Oatmeal,$103
908,909,COVERNAT,Womens Short Duffel Coat Navy,$204
909,910,MIMI MONDE,Ribbon Bunny Keyring (Romi),$27
910,911,LMC,LMC X HAHA HA OFFICE CATS MARKETING TEAM TEE white,$29
911,912,SOMEWHEREBUTTER,letter wool knit - cream,$98
912,913,XTONZ,XP178 Star Damage Vintage Wash Denim Pants (BLACK),$63
913,914,ESPIONAGE,Miller Heavyweight Cardigan Black,$90
914,915,MONOROW,SARA BAG BLACK,$145
915,916,AMFEAST,HAIRY LEATHER MULE_Black,$127
916,917,GLOWNY,RODEO TIERED RUFFLE SKIRT (BABY BLUE),$120
917,918,UGLYSHADOW,TULIP PANTS SKIRT (CHARCOAL),$65
918,919,WKNDRS,KING SOCCER JERSEY (IVORY),$87
919,920,1993STUDIO,90S Track Sweatshirt_Oat Beige,$31
920,921,SALT AND CHOCOLATE,[Unisex] Cowhide German Army Sneakers 412310001/422310001,$103
921,922,TAKEASY,Wool Brush V-neck Cardigan (Sky Blue),$46
922,923,NOIRER FOR WOMAN,Cashmere Double Breasted Coat (Beige),$266
923,924,MONGDOL,Handmade wool crop coat oatmeal beige MDCT008OATMEAL,$98
924,925,AVANDRESS,Punching Knit Dress IVORY,$39
925,926,TAKEASY,Lambswool Crew Neck Loose-fit Knit Sweater (Olive Deep Green),$36
926,927,CARIN,KRISTEN S C1,$225
927,928,AVANDRESS,Rancy Rain Mini Dress GRAY,$39
928,929,MAHAGRID,LOOSE FIT DENIM PANT BLACK(MG2CSMD110A),$58
929,930,ISTKUNST,LOGO & SMILEY HOODIE LIGHT GRAY (IK2CSMM400A),$51
930,931,FALLETT,Nero Sweatshirt Ivory,$44
931,932,23.65,V2 TRIPLE-WHITE,$69
932,933,CHEATING OYSTER,DENIM PRINTED BAG / SKY CHECK (mini tote bag denim print sky check),$54
933,934,CHEATING OYSTER,YARN BRAIDED PEARL KEY RING / BLUE (Yarn braided key ring blue),$30
934,935,ELLIOTI,Wrinkle Free Classy Shirts_Blue,$72
935,936,ELLIOTI,Wrap Layered Knit Ts_Ivory,$72
936,937,ELLIOTI,Wholegarment Mockneck Knit Ts_Brown,$63
937,938,ELLIOTI,Vintage Logo Sweatshirts_Charcoal,$78
938,939,ELLIOTI,Shirring WindBreaker_Navy,$163
939,940,ELLIOTI,Round Neck Knit Ts_Ivory,$63
940,941,ELLIOTI,Modern Classic Sweatshirts_White Melange,$72
941,942,ELLIOTI,Modern Classic Sweatshirts_Melange,$72
942,943,ELLIOTI,Leather Trench Coat_Brown,$154
943,944,ELLIOTI,Heritage Logo Sweatshirts_Melange,$72
944,945,ELLIOTI,Embrace Sweatshirts_Charcoal,$78
945,946,ELLIOTI,Classy Wide Denim Pants_Blue,$81
946,947,ELLIOTI,Bow Tie Sweatshirts_Navy,$72
947,948,OURPIERRE,heart pendant necklace,$36
948,949,OURPIERRE,heart drop necklace,$45
949,950,SOME PLACE,Eco Leather Graffiti League Single Stadium Jacket Jumper,$136
950,951,SOME PLACE,Vegan leather oversized bulky bomber jacket jumper,$136
951,952,SOME PLACE,Daily piping line single button stadium jacket jumper,$99
952,953,BEENTRILL,Womens Taping Hashtag Comfort Fit Short Sleeve T-Shirt (Black),$44
953,954,FENNEC,DRAWSTRING BACKPACK - SILVER,$94
954,955,GRAVER,[UNISEX] White odd flower embroidery sweatshirt_cream,$61
955,956,GRAVER,[UNISEX] White odd flower embroidery sweatshirt_gray,$61
956,957,GRAVER,[UNISEX] White odd flower embroidery sweatshirt_cobalt blue,$61
957,958,FLOR,Oxy Shoulder bag Suede Brown,$208
958,959,ATELIER NAIN,ESSENTIAL EMBROIDERY SWEATSHIRT(T-6786),$81
959,960,ATELIER NAIN,ESSENTIAL OPEN COLLAR V-NECK KNIT(T-6785),$63
960,961,ATELIER NAIN,ESSENTIAL TWO-WAY ZIP-UP CARDIGAN(CD-2109),$72
961,962,KIJUN,Drawing T-Shirt UNISEX Cream,$77
962,963,KIJUN,Square Half Zip-up Dress Black Off-White,$195
963,964,WMC,Ombre check shirt_RED,$99
964,965,GENERAL IDEA,Wrinkle-free daily classic shirt [SKY BLUE] / WBD1L03502,$32
965,966,GENERAL IDEA,U-neck ribbed long sleeve tee [KHAKI] / WBD1L01508,$29
966,967,CHI,Vegan Hand Care Set Bamboo 300ml + 50ml,$38
967,968,GRAVER,[UNISEX] Flower heart half smile embroidery sweatshirt_navy,$43
968,969,DIMITRI BLACK,Overfit bio denim hood zip-up_indigo,$56
969,970,DIMITRI BLACK,Striped boucle knit cardigan_Charcoal gray,$42
970,971,DIMITRI BLACK,(All Season) Essential Cotton Cargo Pants_Olive,$42
971,972,DIMITRI BLACK,(All Season) Essential Cotton Fertig Chino Pants_Black,$42
972,973,ALYSS,Supima Embroidered Basic Logo Short Sleeve T-Shirt [Black],$28
973,974,ALYSS,Supima Embroidery Basic Logo Long Sleeve T-Shirt [White],$34
974,975,ALYSS,Cut-off Incision Wide Denim Pants [Mid Blue],$75
975,976,ALYSS,Wave Shell Stitch Windbreaker Jacket [Black],$150
976,977,KIRSH,Cherry Arch Logo Crop Hood [Oatmeal],$70
977,978,KIRSH,Small cherry cable crop knit cardigan [black],$70
978,979,KIRSH,Cherry spandex slim fit denim pants [light blue],$97
979,980,BYWEEKEND,Holiday necklace,$35
980,981,YALE,REVERSIBLE NYLON FLEECE 2WAY HOODIE JACKET IVORY,$99
981,982,DYDOSHOP,baby pierced zip-up,$111
982,983,MATIN KIM,HOOK KNIT CARDIGAN IN BLACK,$168
983,984,MATIN KIM,HOOK KNIT CARDIGAN IN IVORY,$168
984,985,MATIN KIM,HOOK KNIT CARDIGAN IN CHARCOAL,$168
985,986,LARTIGENT,L8 FLOWER HALF KNIT(BLACK),$71
986,987,AVANDRESS,Piper Back Snap Hoody NAVY,$42
987,988,AVANDRESS,Piper Back Snap Hoody LIGHT KHAKI,$42
988,989,BROWNBREATH,TAG HOOD ZIP-UP - MELANGE GRAY,$81
989,990,BROWNBREATH,TAG HOOD ZIP-UP - BLACK,$81
990,991,BROWNBREATH,W TAG CROP HOOD ZIP-UP - ASH,$81
991,992,BROWNBREATH,TAG DYEING HOODIE - CHARCOAL,$90
992,993,BROWNBREATH,BB DAMAGED KNIT SWEATER - GRAY,$90
993,994,BROWNBREATH,TAG SPREAD BANDING PANTS - YELLOW,$81
994,995,BROWNBREATH,TAG SPREAD BANDING PANTS - BLACK,$81
995,996,BROWNBREATH,W CHROME TAG CROP HOODIE - BLACK,$81
996,997,BROWNBREATH,W PIGMENT HOOD ZIP UP - CHARCOAL,$90
997,998,BROWNBREATH,W BRTH GIRLS WORK PANTS - BLACK,$81
998,999,LMC,SQUARE BEANIE beige,$37
